{
    "BM": [
        128,
        128,
        128,
        128,
        128,
        128,
        128,
        128,
        128,
        128
    ],
    "BN": [
        256,
        256,
        256,
        256,
        256,
        256,
        256,
        256,
        256,
        256
    ],
    "dur": [
        303.1853332519531,
        307.71435546875,
        311.55859375,
        313.58966064453125,
        314.5122375488281,
        314.7057189941406,
        314.4419250488281,
        314.4910888671875,
        314.5542297363281,
        314.4862976074219
    ],
    "Algo": [
        174,
        174,
        174,
        174,
        174,
        174,
        174,
        174,
        174,
        174
    ]
}